open,high,low,close
10529,10655,10330,10594.5
10594.5,10688.5,10078,10323.5
10324,10330.5,9806,9843.5
9840.5,9919.5,9515.5,9770.5
9770.5,10187.5,9740,9882.5
9882.5,9919,9658.5,9843.5
9843.5,10293.5,9293,9471.5
9471.5,9590.5,9112,9531.5
9530.5,9717,9373.5,9496
9496,9759.5,9385,9586.5
9586.5,10124,9570,10094
10094,10489.5,9880.5,10408.5
10408.5,10668.5,10334,10532
10532,10921,10513.5,10821
10821,11088.5,10582.5,10979
10980,11959,10980,11808
11808,12319,11208,11465.5
11465.5,12146,11384,11972.5
11972.5,12066.5,11467,11985
11985,12036,11658.5,11866.5
11866.5,11983,11192,11278.5
11278.5,11584,11097,11538
11538,11557.5,11226.5,11391
11391,11443,10748,10860.5
10860.5,10862.5,9904.5,10022.5
10017.5,10446.5,9482.5,10297.5
10297.5,10542.5,9752.5,10358
10358,10474.5,9990.5,10218
10218,10510,10073,10318.5
10318.5,10937,10273,10924.5
10925.5,10955.5,10570.5,10766
10763.5,10804,9853,10128.5
10127.5,10235.5,9759,10112.5
10111.5,10466.5,10044,10413
10413,10434.5,9891.5,10148
10148,10360,9911.5,10140.5
10138,10660.5,10138,10363.5
10363.5,10379,10034,10176
10176,10281.5,9573.5,9718.5
9718.5,9718.5,9326,9493.5
9493.5,9698,9359.5,9582.5
9582.5,9696.5,9452,9603.5
9603.5,9836.5,9546,9773
9773,10473.5,9755,10386.5
10386.5,10777,10294,10635
10635,10824.5,10386.5,10583.5
10583.5,10662.5,10471,10579.5
10579.5,10944.5,10208,10316
10316,10577.5,10312.5,10487.5
10487.5,10596.5,10248.5,10409.5
10409.5,10534.5,10085,10308
10308,10390.5,9938.5,10099
10103.5,10280,9869,10161
10161,10466.5,10042,10432
10432,10457.5,10169,10370
10370,10453.5,10238,10358.5
10358.5,10378.5,10269,10304.5
10304.5,10374,10087,10269
10269,10276.5,10131,10187
10187,10257.5,10101,10154
10154,10356.5,9617,10268.5
10268.5,10306.5,10060.5,10159
10159,10160.5,9919,9973.5
9973.5,10080,9850,10030.5
10031.5,10047,9617,9689.5
9689.5,9774.5,8073.5,8532.5
8530.5,8742.5,8241,8426.5
8426,8459.5,7749,8067
8067,8289.5,7869.5,8194.5
8194.5,8335,8023.5,8218.5
8218.5,8241,7908,8056.5
8056.5,8348.5,7713,8302
8302,8527.5,8199.5,8324
8324,8390,8180.5,8383.5
8383.5,8412.5,8083.5,8247.5
8247.5,8250.5,8013,8160
8160,8201.5,8024.5,8147
8147,8169,7796.5,7862.5
7862.5,8305,7772,8205
8205.5,8339,8103,8174.5
8175,8694.5,8112.5,8585.5
8585.5,8649.5,8448,8587.5
8587.5,8804,8232.5,8263.5
8263.5,8406,8255,8305.5
8305.5,8463.5,8161,8282.5
8282.5,8393,8218,8354.5
8354.5,8415.5,8045,8162.5
8162.5,8174,7914,7993.5
7995,8125.5,7936,8072.5
8072.5,8117,7820.5,7952
7952,8095.5,7882.5,7962.5
7960.5,8309,7876.5,8234
8234,8337,8155,8210.5
8207.5,8309,8002.5,8025
8024.5,8049,7287,7470.5
7470,7511,7354.5,7426
7426,8715.5,7398.5,8666.5
8667,9909.5,8646.5,9259.5
9260,9817.5,9110,9553.5
9553,9940.5,9200,9220.5
9223,9564.5,9106.5,9435.5
9435.5,9435.5,8996.5,9168.5
9168.5,9431,8950,9152.5
9152.5,9300.5,9053.5,9250.5
9250.5,9386,9204,9300.5
9300.5,9376,9065,9196
9196,9580,9121.5,9407.5
9408,9479,9178,9313
9310,9448.5,9241.5,9335
9336,9365,9089,9202
9202,9245,8648.5,8759
8759,8873.5,8717.5,8805.5
8805.5,9469,8749,9028.5
9028.5,9064.5,8587,8713
8713,10000,8553.5,8812
8816.5,8830.5,8699.5,8761.5
8761.5,8786,8551.5,8628
8628,8777.5,8368,8452
8452,8527,8417.5,8480
8480,8629.5,8367.5,8499.5
8497.5,8497.5,8023,8173
8173,8200,7978,8124
8126,8213.5,8036,8082.5
8082.5,8113.5,7390,7616.5
7616.5,7732.5,6770.5,7277.5
7277.5,7350.5,7102,7322
7322,7340,6866,6902.5
6902.5,7375,6525,7124.5
7124.5,7334,7020,7163.5
7163.5,7674.5,6853,7525.5
7526,7653,7373,7430.5
7430.5,7863,7417,7757.5
7758,7819,7454.5,7551
7550,7550,7235.5,7398
7398.5,7422.5,7153,7301.5
7300.5,7406.5,7243,7296.5
7297,7765.5,7085.5,7195
7199.5,7484,7154.5,7391.5
7391,7597,7309.5,7542
7542.5,7636.5,7485.5,7501.5
7501.5,7572,7386.5,7522.5
7522.5,7644,7283,7330.5
7330.5,7380.5,7154.5,7219
7218.5,7265,7132,7200.5
7200.5,7284,7082.5,7187.5
7187.5,7299.5,7184,7250
7250.5,7266,7006,7064
7064,7201,7005.5,7112
7112,7132.5,6815,6877
6877,6931.5,6558.5,6616
6616,7454.5,6432.5,7284
7285.5,7367.5,7049,7151
7151,7220,7079,7187.5
7187.5,7188,7116,7143
7143,7518,7126.5,7512
7514.5,7689,7261,7312
7312,7425.5,7157.5,7253
7252.5,7262.5,7115.5,7190
7190,7424.5,7140,7190
7190,7248,7061.5,7244.5
7244.5,7343,7231.5,7298.5
7298.5,7516.5,7274.5,7380
7378,7378,7197.5,7218
7218,7294.5,7113.5,7164.5
7164.5,7229,7147,7171.5
7171,7178,6903.5,6941
6941,7397.5,6850,7335.5
7338,7395.5,7263.5,7347
7347,7490.5,7311.5,7350
7350,7806,7341,7764
7764,8213.5,7732,8156.5
8159.5,8463.5,7871,8044.5
8046.5,8047,7752,7815
7815.5,8192,7673.5,8192
8198,8285.5,8004.5,8022
8017.5,8191,7963,8178
8178,8188.5,8042.5,8108.5
8109.5,8894,8104,8818
8811.5,8898.5,8503,8811
8813.5,8848,8582,8714
8718.5,9011.5,8665,8900
8900,8980,8805,8910.5
8909.5,9187.5,8479.5,8699.5
8699.5,8735.5,8510.5,8629.5
8629.5,8772.5,8469,8723.5
8724.5,8796,8573.5,8660
8660,8666.5,8283.5,8387
8387,8511,8223.5,8429.5
8429.5,8433,8256.5,8327.5
8326.5,8595.5,8286,8595.5
8595.5,8988,8564.5,8895.5
8895.5,9417,8887,9386
9384.5,9428.5,9222.5,9283
9284.5,9571,9184,9507.5
9506,9521.5,9188,9338.5
9338.5,9457,9287.5,9383
9383,9483,9120.5,9320.5
9323.5,9617.5,9217.5,9280.5
9280.5,9350,9074.5,9164.5
9164.5,9765,9150,9615
9613.5,9861.5,9515.5,9759.5
9759.5,9875,9712.5,9810.5
9810.5,9948,9660,9911.5
9911.5,10183,9892,10165
10165,10199,9660,9851
9851,10375,9712.5,10270.5
10270.5,10489,10245.5,10350
10350,10557.5,10076,10235
10236,10393.5,10093,10367.5
10367.5,10401.5,9788,9909
9909,10052,9635.5,9929.5
9926.5,9974,9464.5,9704.5
9706.5,10286,9604.5,10187.5
10190.5,10305.5,9313,9599.5
9595,9700.5,9359.5,9606
9606,9772.5,9535,9694
9694,9720.5,9571.5,9665.5
9665.5,10029.5,9665,9971
9970,10028,9482,9659.5
9659.5,9681,9242.5,9305.5
9305,9369,8609,8779.5
8782,8973,8520,8817
8818,8901.5,8426,8705
8702.5,8800.5,8522.5,8528
8526,8758.5,8411,8522.5
8522.5,8971,8490,8919.5
8921.5,8925.5,8622,8757
8757,8852,8670,8758.5
8759,9173.5,8758.5,9071
9070,9180,8991.5,9157
9157,9219.5,8836.5,8897
8897,8897,8003.5,8039
8039,8195,7634,7931.5
7931.5,8154,7736,7893
7893,7988,7589.5,7941.5
7941.5,7969.5,4519,4863
4857,5999.5,3900,5639
5648.5,5671.5,5053,5164
5164,5971,5092.5,5349.5
5348.5,5352,4426.5,5035
5039,5566.5,4934.5,5333.5
5330.5,5457,5016.5,5416
5414,6428,5268,6182
6182,6948.5,5657,6211
6211.5,6466,5870,6195.5
6195.5,6422.5,5740,5814
5814,6680,5682.5,6498
6489.5,6867.5,6402,6767.5
6767,6989.5,6473.5,6688
6690,6799,6520,6757.5
6760.5,6875.5,6271.5,6371
6369.5,6369.5,6011,6253
6250.5,6278.5,5869,5877.5
5877.5,6626,5858,6406.5
6407.5,6529,6337,6425
6424.5,6700,6160,6665
6666,7273,6569,6799.5
6799.5,7051.5,6612,6739.5
6738.5,7014.5,6655,6874.5
6874.5,6912.5,6675,6781.5
6781.5,7371,6771,7342
7341.5,7470,7078,7199.5
7200,7428,7152.5,7369
7369,7377,7110.5,7292
7292,7302,6748.5,6871
6871,6953.5,6769.5,6889.5
6890,7205,6789.5,6910.5
6910.5,6911,6580.5,6858
6858,6992.5,6771.5,6873.5
6873.5,6941,6609,6622.5
6622.5,7223,6474.5,7113
7113.5,7154.5,6999.5,7035
7034.5,7308.5,7022,7260.5
7260.5,7276.5,7066,7130
7130,7240.5,6760,6837.5
6837.5,6962,6774,6852.5
6852.5,7167,6825,7135.5
7135.5,7790.5,7034,7488
7487,7614.5,7397.5,7509.5
7509.5,7717.5,7438.5,7550
7550,7714.5,7483.5,7705
7705,7810,7635,7794
7794,7798.5,7665.5,7755
7755,8978,7728.5,8788.5
8788.5,9468,8402,8622.5
8622.5,9070,8620,8833.5
8833.5,9023.5,8763.5,8981
8981,9203.5,8730,8905.5
8905.5,8971,8536,8889
8889,9123,8762.5,9030
9030,9420,8922.5,9155.5
9155.5,10076.5,9037,10004.5
10003.5,10050.5,9729.5,9810
9813.5,9918.5,9517,9535.5
9535.5,9564.5,8111,8729
8729,9173,8199,8578.5
8578.5,8980.5,8540,8823
8823,9416,8807,9326
9326,9945,9267,9795.5
9795.5,9854,9107,9304.5
9304.5,9584.5,9213.5,9385
9385,9894,9327.5,9673
9673,9955,9407,9731
9731,9898,9457.5,9782.5
9783,9834.5,9293,9511.5
9511.5,9566.5,8801,9060
9060,9271,8930.5,9165
9165,9314,9094,9174
9174,9305,8682.5,8717
8717,8979,8633,8900.5
8900.5,9015.5,8695,8843
8843,9229.5,8811.5,9205
9205,9623,9115,9580
9580,9607,9334,9424
9424,9748,9335.5,9702.5
9702.5,9709.5,9389,9447.5
9447.5,10425.5,9415,10205
10205,10230.5,9280.5,9522.5
9522.5,9691.5,9395,9666.5
9666.5,9890,9451,9791.5
9791.5,9859.5,9588,9617
9617,9733.5,9530,9665.5
9665.5,9820,9376,9753.5
9753.5,9819.5,9634,9784.5
9784.5,9890,9565,9777.5
9779.5,10011,9660,9896
9896,9979,9060,9270
9270.5,9553,9232,9463.5
9463.5,9499.5,9350.5,9476
9476,9485.5,9240,9334.5
9334.5,9500.5,8896.5,9429.5
9429.5,9591.5,9381,9527.5
9527.5,9561.5,9232.5,9456
9456,9478.5,9271,9377
9377,9430,9231.5,9299.5
9299.5,9394,9165,9358.5
9358.5,9421.5,9271,9283
9283,9791,9264,9688.5
9688.5,9721,9574,9621.5
9621.5,9666.5,9038.5,9281.5
9281.5,9335.5,8989.5,9239.5
9239.5,9291,9030.5,9154
9154,9186.5,8820.5,9004
9004,9189.5,8931,9114
9114,9234.5,9015,9190
9183.5,9200.5,9056,9136
9136,9297,9088.5,9238.5
9238.5,9267,8941,9089
9089,9124.5,9041.5,9058.5
9058.5,9194.5,9044.5,9140
9140,9146.5,8906.5,9076
9076,9379,9064,9342
9342,9380.5,9206.5,9255.5
9255.5,9478.5,9234.5,9438.5
9438.5,9443.5,9159.5,9235.5
9235.5,9316.5,9112.5,9291
9291,9301,9180.5,9233
9233,9344.5,9156,9305
9305,9341,9196.5,9237.5
9237.5,9278.5,9108,9257.5
9257.5,9273.5,9153.5,9190
9190,9217.5,9032.5,9130.5
9130.5,9182,9080,9153
9153,9209.5,9124.5,9172.5
9172,9241,9103,9213.5
9213.5,9226,9130.5,9163
9163,9442.5,9155.5,9394
9394.5,9570.5,9276,9538
9537,9682.5,9451.5,9610.5
9610.5,9648.5,9476.5,9552
9549.5,9749,9535,9711
9711,10201.5,9657.5,9941.5
9943,11420,9936.5,11046
11046,11259.5,10580.5,10929.5
10929,11353,10848.5,11113
11113,11188,10828,11114
11114,11460,10971.5,11352
11352,11885.5,11236,11816
11816,12115.5,10727.5,11070
11070,11480.5,10931,11234
11234,11422.5,11024,11199.5
11199.5,11795.5,11103,11756.5
11756,11913,11575,11772
11772,11920.5,11331,11604
11608.5,11814,11527,11768
11768,11800,11534,11687
11687,12079.5,11534,11903
11903,11944.5,11123.5,11388
11388,11628,11155,11569.5
11569.5,11811,11274.5,11798
11798,11863.5,11656,11775.5
11775.5,11991.5,11689.5,11858.5
11858.5,11940.5,11691.5,11917.5
11917.5,12485.5,11716,12297
12297,12402,11811.5,11954.5
11954.5,12022.5,11565.5,11757
11757,11894.5,11677,11864
11863,11887,11483,11530
11530,11692,11369.5,11673.5
11671,11718.5,11525.5,11653
11653,11829.5,11594,11752
11752,11769,11113,11327.5
11327.5,11545.5,11254,11467
11467,11592.5,11128.5,11333
11333,11552.5,11280.5,11534.5
11534.5,11587,11430,11473.5
11473.5,11721,11463.5,11714.5
11713,11780.5,11576.5,11654.5
11654.5,12064,11529,11925
11924.5,11957.5,11133,11396.5
11396.5,11475,9850,10165
10165,10636,9825,10455.5
10455.5,10569,9837,10167.5
10169,10351,9991.5,10256.5
10256.5,10410,9879.5,10374
10374,10442.5,9850,10126.5
10126.5,10349.5,9983,10221
10221,10490,10216.5,10340.5
10340.5,10407.5,10202.5,10394.5
10394,10479,10273,10442
10442,10584,10212,10332.5
10332.5,10757.5,10252.5,10676.5
10676.5,10937,10621,10785.5
10785.5,11098.5,10660.5,10954.5
10954.5,11047,10742,10943
10943,11043.5,10816,10937
10937,11181,10892,11082.5
11082.5,11082.5,10763,10919.5
10919.5,10994,10285,10419
10419,10577.5,10360,10533.5
10533.5,10539,10136.5,10239.5
10239.5,10808.5,10191.5,10745
10744.5,10763.5,10558,10692.5
10692.5,10831,10655.5,10731
10731,10804,10595.5,10775.5
10775.5,10951,10633.5,10690.5
10690.5,10867.5,10637,10841.5
10841.5,10849.5,10660.5,10777.5
10777.5,10950.5,10448,10614
10614,10663.5,10380.5,10573.5
10573.5,10610.5,10500,10550
10550,10701,10526,10669.5
10669.5,10804,10624,10800
10800,10805.5,10523,10602.5
10602.5,10681,10544,10669
10669,10967.5,10535,10930.5
10930.5,11110.5,10826.5,11058.5
11058,11490.5,11057.5,11298
11298,11443,11280.5,11373
11373,11727,11200,11535.5
11535.5,11559.5,11313.5,11427
11427,11554.5,11296,11427
11427,11619.5,11266,11510
11510,11548.5,11200,11326.5
11326.5,11408.5,11270.5,11365
11365,11514.5,11351.5,11510
11510,11835.5,11417.5,11759
11759,12052.5,11689.5,11921.5
11921.5,13245.5,11901,12807
12807,13200.5,12625.5,12988
12988,13037.5,12729,12938
12938,13175.5,12883,13124
13124,13361,12908.5,13044
13044,13245.5,12780,13069.5
13069.5,13792.5,13064,13642
13642,13862,12897,13277.5
13277.5,13655,12983,13468.5
13468.5,13678.5,13128,13569.5
13569.5,14101,13430,13802.5
13802.5,13908,13634.5,13768.5
13768.5,13846,13214.5,13567
13567,14074,13292,14033.5
14033.5,14274,13534,14166
14166,15765,14115.5,15608
15608,15974,15185.5,15600
15600,15776,14349,14838
14838,15667,14729,15485.5
15485.5,15853,14817.5,15338.5
15338.5,15481,15094,15313.5
15313.5,16011.5,15293.5,15700.5
15700.5,16360,15460,16300
16300,16490,15967.5,16337
16337,16340.5,15721.5,16080.5
16080.5,16174.5,15787,15971.5
15971.5,16894.5,15878,16722.5
16722.5,17873,16567.5,17683
17683,18491.5,17250,17792.5
17792.5,18184.5,17358,17824.5
17824.5,18828,17769,18673.5
18673.5,18984,18354,18717
18717,18768.5,17629.5,18437.5
18437.5,18778.5,18015.5,18382.5
18382.5,19436,18063.5,19167.5
19167.5,19509,18512,18721.5
18721.5,18915,16200,17150.5
17150.5,17468.5,16432,17147
17147,17888.5,16881.5,17726
17726,18350,17538,18194.5
18194.5,19883.5,18194.5,19703
19703,19923.5,17931,18780
18780,19347,18340.5,19220.5
19220.5,19620.5,18859,19444.5
19444.5,19539.5,18554.5,18659
18659,19180,18505.5,19160.5
19160.5,19429.5,18878,19376
19376,19431.5,18911,19184
19184,19299.5,18166,18314.5
18314.5,18639,17639,18549.5
18549.5,18557.5,17910,18252
18252,18288,17572,18038.5
18038.5,18960,18021,18815.5
18815.5,19415.5,18729,19163.5
19163.5,19349.5,19002,19275
19275,19568.5,19056,19438
19438,21576.5,19290.5,21358.5
21358.5,23775,21255,22808.5
22808.5,23300,22338,23136
23136,24193.5,22772,23851
23851,24299.5,23010.5,23478
23476,24130,21910.5,22728
22728,23845.5,22370,23819.5
23819.5,24131.5,22604.5,23220.5
23220.5,23783,22702,23717.5
23717.5,24773.5,23409,24697.5
24697.5,26828.5,24480,26459
26459,28381,25800,26245.5
26245.5,27473.5,26077,27033
27033,27396.5,25826.5,27365.5
27365.5,29005,27336,28879.5
28879.5,29317,27938.5,28965
28965,29691.5,28700,29399
29399,33349.5,29023.5,32201.5
32201.5,34809.5,31978,33045.5
33045.5,33658.5,27700.5,32005
32005,34499.5,29923.5,34034.5
34034.5,37038,33367,36871.5
36871.5,40428,36260,39485
39485,42000,36548,40625
40625,41410,38780,40234
40234,41447,35001,38162
38158,38330,30255,35484
35484,36682,32484,34021
34021,37847,32325,37374
37374,40120,36753,39122
39122,39700,34381,36739
36739,37948,35370,35999
35999,36866,33832,35817
35817,37449,34765,36646
36646,37880,35884,35902
35902,36400,33384,35480
35480,35614,30030,30848
30848,33861,28820,32994
32994,33489,31431,32092
32092,33108,30946,32304
32304,34875,31913,32257
32257,32936,30846,32502
32502,33005,29246,30409
30409,33829,29869,33443
33443,38644,31975,34238
34242,34930,32827,34299
34299,34367,32190,33118
33118,34718,32312,33545
33545,36028,33453,35521
35521,37718,35409,37687
37687,38774,36178,36980
36980,38367,36609,38346
38333,40999,38258,39256
39256,39747,37400,38867
38867,46864,38046,46427
46428,48273,45075,46486
46486,47381,43682,44834
44834,48736,44015,48029
48029,49047,46174,47388
47388,48204,46232,47215
47215,49748,47071,48650
48650,49044,45646,47910
47910,50666,47033,49152
49146,52642,48945,52138
52138,52568,50874,51553
51553,56416,50735,55937
55937,57592,54000,55899
55899,58366,55502,57483
57483,57559,47500,54075
54075,54184,44851,48903
48903,51382,46759,49710
49710,52302,46679,47086
47086,48469,44102,46291
46291,48387,45028,46160
46160,46666,43002,45231
45231,49832,45043,49631
49631,50250,47046,48473
48480,52661,48159,50368
50368,51808,47466,48362
48362,49478,46281,48751
48751,49224,47040,48913
48913,51475,48913,51000
51000,52430,49308,52408
52408,54931,51850,54889
54889,57447,53037,55854
55854,58174,54269,57821
57812,58109,55042,57242
57242,61806,56016,61186
61186,61678,58963,58970
58970,60622,54651,55600
55600,56945,53262,56931
56932,59000,54062,58925
58943,60125,57000,57623
57623,59475,56248,58043
58043,59913,57828,58101
58101,58639,55504,57351
57361,58430,53655,54093
54093,55862,52948,54351
54351,57200,50061,52258
52258,53222,50414,51303
51303,55112,51241,55063
55063,56632,53944,55844
55844,56565,54680,55775
55775,58450,54885,57642
57642,59401,57032,58775
58775,59844,56800,58790
58790,59517,57917,58721
58721,60187,58428,58960
58960,59796,56899,57061
57071,58514,56450,58211
58211,59308,56786,59157
59157,59509,57370,58008
58008,58640,55421,55926
55926,58173,55666,58092
58092,58901,57655,58106
58111,61288,57846,59772
59772,60684,59150,59983
59983,61274,59362,59819
59819,63792,59788,63587
63587,64887,61263,62959
62959,63865,62013,63233
63233,63592,60022,61411
61411,62575,59636,60051
60051,60393,49880,56239
56239,57607,54249,55686
55686,57133,53331,56475
56475,56813,53622,53791
53791,55493,50444,51691
51691,52113,47445,51145
51145,51186,48700,50082
50082,50598,47000,49110
49110,54406,48807,54047
54050,55534,53300,55071
55072,56500,53868,54875
54875,55231,52352,53597
53597,58007,53051,57770
57770,58575,57040,57879
57879,57974,56071,56612
56612,59006,56431,57204
57204,57249,53000,53198
53197,57998,52891,57516
57516,58437,55285,56426
56426,58725,55270,57362
57362,59575,56951,58940
58942,59303,56250,58298
58298,59643,53500,55857
55857,56959,54522,56756
56756,58057,48109,49552
49550,51387,45853,49674
49674,51551,48857,49890
49890,50713,46548,46751
46751,49802,43841,46451
46451,46683,42120,43577
43577,45833,42274,42881
42881,43619,29150,36724
36733,42477,34943,40590
40594,42288,33502,37325
37325,38880,35213,37484
37484,38301,31096,34734
34750,39976,34431,38860
38860,39862,36443,38363
38363,40907,37842,39250
39250,40465,37191,38555
38557,38893,34709,35682
35682,37341,33651,34633
34633,36515,33402,35660
35660,37520,34173,37279
37280,37899,35652,36688
36688,38231,35917,37580
37580,39472,37183,39249
39249,39286,35587,36847
36847,37924,34826,35526
35526,36486,35225,35812
35812,36780,33288,33566
33565,34055,31000,33403
33408,37544,32423,37409
37411,38465,35812,36700
36701,37679,35930,37330
37330,37459,34602,35542
35563,39372,34682,39035
39035,41070,38746,40531
40531,41347,39500,40154
40154,40498,38111,38343
38343,39562,37355,38089
38089,38192,35146,35831
35831,36467,34847,35490
35490,36147,33317,35599
35599,35788,31248,31609
31608,33300,28819,32531
32531,34851,31724,33686
33686,35303,32311,34661
34661,35517,31276,31582
31582,32715,30142,32283
32278,34749,32000,34716
34716,35300,33898,34502
34502,36633,34228,35919
35919,36116,34050,35056
35056,35067,32705,33506
33507,33975,32700,33794
33794,34953,33318,34681
34681,35966,34372,35290
35290,35295,33134,33705
33705,35115,33508,34224
34220,35081,33780,33869
33869,33933,32075,32869
32869,34100,32276,33817
33817,34266,33035,33511
33511,34608,33323,34257
34257,34672,32656,33090
33088,33338,32187,32727
32727,33118,31578,32819
32819,33188,31138,31877
31877,32259,31037,31388
31388,31959,31168,31522
31522,32462,31106,31784
31784,31899,30423,30845
30845,31059,29284,29791
29791,32800,29496,32131
32131,32600,31721,32295
32295,33678,31989,33666
33667,34523,33430,34283
34283,35431,33883,35413
35413,40579,35246,37253
37253,39561,36406,39488
39488,40937,38806,40036
40036,40666,39255,40046
40046,42336,38333,42232
42230,42428,41055,41494
41494,42608,39415,39847
39879,40448,38682,39151
39151,39800,37634,38198
38197,39969,37411,39732
39732,41387,37258,40894
40894,43431,39862,42868
42868,44746,42466,44622
44622,45359,43287,43823
43823,46494,42791,46273
46273,46755,44655,45591
45591,46778,45351,45546
45537,46236,43800,44417
44417,47944,44240,47850
47851,48211,46035,47114
47114,47411,45500,47012
47012,48080,45675,45917
45917,47187,44392,44683
44683,46035,44223,44717
44717,47107,43933,46767
46767,49418,46642,49366
49366,49842,48277,48858
48858,49548,48072,49281
49281,50549,49028,49499
49499,49876,47551,47677
47677,49250,47124,48996
48996,49367,46304,46847
46847,49182,46334,49089
49090,49330,48371,48937
48937,49680,47729,48794
48794,48905,46863,46984
46983,48269,46695,47122
47121,49131,46521,48846
48846,50407,48623,49273
49273,51083,48340,50024
50025,50564,49387,49936
49936,51928,49463,51807
51807,52811,51044,52701
52701,52961,42923,46871
46871,47361,44381,46059
46059,47404,45513,46392
46392,47039,44116,44859
44855,45994,44722,45170
45175,46489,44741,46024
46027,46918,43378,44965
44965,47272,44699,47145
47137,48461,46700,48143
48143,48521,47042,47758
47758,48171,46752,47300
47304,48825,47042,48308
48308,48380,46833,47253
47253,47345,42502,43010
43006,43643,39710,40721
40721,44040,40567,43571
43571,45000,43091,44891
44891,45186,40711,42839
42839,42995,41663,42702
42702,43956,40784,43184
43184,44387,42097,42154
42153,42777,40878,41020
41019,42601,40751,41521
41521,44136,41411,43830
43830,48498,43286,48168
48168,48367,47459,47668
47668,49261,47108,48232
48232,49537,46918,49239
49239,51920,49053,51495
51496,55781,50415,55341
55341,55352,53395,53815
53815,56131,53651,53962
53962,55500,53682,54963
54963,56530,54102,54688
54684,57850,54455,57492
57492,57684,53900,56004
56004,57790,54233,57382
57382,58549,56709,57360
57360,62891,56869,61700
61700,62359,60109,60878
60878,61727,58974,61533
61533,62703,59882,62026
62026,64511,61210,64312
64312,67082,63503,66022
66022,66660,58555,62212
62212,63760,60000,60680
60680,61733,59592,61292
61292,61486,59481,60858
60858,63733,60648,63086
63086,63294,59811,60312
60318,61500,58000,58449
58449,62567,57556,60613
60613,62994,60171,62256
62256,62381,60690,61897
61897,62431,60000,61339
61339,62500,59345,60936
60936,64303,60634,63278
63278,63574,60250,62932
62932,63121,60730,61437
61437,62647,60780,61021
61021,61606,60111,61529
61529,63350,61391,63337
63337,67887,63337,67583
67583,68672,66211,66965
66967,69081,62782,64915
64899,65610,64128,64804
64801,65471,62298,64137
64137,64994,63381,64390
64390,65541,63582,65527
65527,66381,63363,63616
63615,63616,58500,60096
60096,60848,58250,60368
60368,60979,56498,56911
56911,58367,55623,58117
58117,59887,57421,59744
59744,60067,58545,58671
58671,59588,55629,56271
56271,57884,55285,57558
57558,57763,55896,57152
57152,59444,57000,58982
58985,59198,53500,53747
53755,55311,53635,54754
54754,57500,53258,57342
57342,58924,56721,57831
57831,59252,55900,56986
56986,59112,56485,57221
57221,57428,55800,56519
56519,57681,51593,53643
53643,53885,41800,49243
49243,49754,47787,49456
49456,50944,46948,50519
50519,51989,50061,50638
50638,51295,48647,50526
50526,50851,47334,47568
47568,50100,46900,47171
47171,49529,46782,49413
49413,50816,48666,50095
50095,50219,45610,46718
46718,48706,46292,48375
48374,49527,46551,48886
48895,49465,47524,47636
47636,48007,45434,46156
46157,47371,45520,46855
46855,48367,46441,46683
46683,47576,45569,46921
46921,49333,46658,48918
48918,49597,48447,48614
48614,51397,48034,50848
50848,51855,50430,50849
50850,51214,50158,50432
50432,51314,49460,50792
50799,52129,50473,50721
50721,50721,47310,47550
47550,48146,46089,46458
46458,47934,45922,47126
47126,48580,45650,46199
46199,47975,46199,47740
47740,48004,46648,47302
47301,48255,45696,46451
46451,47543,45511,45822
45822,47107,42426,43435
43444,43782,42417,43085
43085,43137,40600,41567
41567,42318,40519,41682
41682,42793,41158,41869
41869,42245,39645,41824
41824,43125,41276,42739
42738,44333,42464,43912
43912,44438,42329,42572
42572,43478,41765,43089
43089,43816,42579,43099
43099,43492,42600,43095
43095,43203,41564,42216
42216,42722,41289,42362
42362,42579,41148,41667
41667,43511,40546,40664
40664,41107,35400,36444
36444,36832,34017,35077
35077,36532,34612,36268
36268,37568,32915,36684
36684,37590,35713,36974
36971,38924,36270,36835
36835,37253,34350,37181
37181,38025,36172,37730
37730,38799,37293,38190
38190,38400,37362,37909
37909,38768,36650,38487
38487,39305,38003,38719
38719,38889,36600,36919
36919,37398,36256,37333
37333,41760,37053,41600
41600,41956,40959,41408
41408,42716,41133,42409
42409,44548,41666,43871
43871,45541,42681,44081
44081,44850,43124,44415
44415,45880,43214,43523
43523,43999,41966,42399
42399,43041,41744,42245
42245,42790,41892,42077
42077,42881,41573,42553
42553,44800,42439,44576
44576,44579,43311,43900
43900,44188,40089,40540
40540,40997,39436,40002
40002,40521,39649,40104
40104,40140,38000,38392
38392,39504,36814,37031
37031,38466,36363,38252
38252,39271,37054,37269
37269,39855,34334,38343
38343,39706,37986,39239
39239,40300,38598,39136
39136,39871,36997,37710
37710,44223,37458,43188
43182,44997,42822,44452
44452,45366,43321,43924
43924,44103,41825,42462
42462,42542,38571,39155
39155,39612,38575,39400
39400,39697,38100,38418
38418,39546,37154,37986
37986,39389,37869,38742
38742,42627,38654,41952
41952,42053,38523,39432
39432,40250,38243,38733
38733,39494,38663,38804
38804,39322,37580,37782
37782,39932,37564,39681
39681,39909,38119,39291
39291,41730,38764,41131
41131,41493,40500,40939
40939,42370,40148,41780
41780,42418,41524,42231
42231,42310,40899,41280
41280,41577,40494,41008
41008,43388,40885,42373
42373,43048,41758,42900
42900,44251,42618,44014
44014,45133,43608,44331
44331,44818,44086,44538
44538,46961,44445,46841
46841,48224,46672,47145
47145,48128,46948,47451
47451,47733,46556,47075
47075,47625,45200,45523
45523,46729,44246,46290
46290,47230,45632,45834
45834,47462,45549,46417
46417,46910,45120,46596
46596,47210,45344,45502
45502,45519,43102,43163
43163,43910,42725,43431
43431,43985,42101,42263
42263,42810,42125,42760
42760,43428,41861,42162
42162,42422,39200,39530
39530,40706,39237,40072
40072,41580,39581,41147
41147,41495,39555,39947
39947,40864,39767,40559
40559,40701,40003,40378
40378,40606,39555,39686
39686,41150,38534,40810
40810,41780,40579,41502
41502,42214,40870,41369
41369,42984,39778,40478
40478,40797,39176,39702
39702,39981,39291,39452
39452,39949,38925,39453
39453,40631,38195,40443
40443,40808,37706,38110
38110,39472,37869,39241
39241,40388,38878,39745
39745,39933,38169,38593
38593,38789,37574,37630
37630,38680,37393,38465
38465,39171,38056,38522
38522,38650,37513,37724
37724,40026,37660,39687
39687,39856,35500,36539
36539,36661,35246,36003
36003,36128,34737,35462
35462,35497,33693,34036
34036,34238,30050,30082
30082,32647,29721,31006
31006,37250,27669,28971
28971,30113,25429,28945
28945,30991,28662,29233
29233,30308,28559,30047
30047,31430,29436,31292
31292,31292,29053,29839
29839,30756,29420,30428
30428,30697,28616,28678
28678,30531,28658,30291
30291,30743,28688,29166
29166,29630,28908,29415
29415,30468,29224,30269
30269,30648,28834,29080
29080,29822,28635,29633
29633,30200,29317,29515
29515,29867,27990,29171
29171,29364,28245,28605
28605,29241,28496,28992
28992,29566,28808,29438
29438,32200,29277,31711
31711,32380,31209,31779
31779,31958,29300,29779
29779,30677,29554,30432
30432,30678,29267,29671
29671,29955,29453,29842
29842,30179,29503,29897
29897,31750,29865,31347
31347,31569,29188,31108
31108,31302,29827,30181
30181,30677,29920,30077
30077,30348,28823,29057
29057,29413,28081,28389
28389,28513,26523,26541
26541,26844,21879,22426
22426,23280,20787,22096
22097,22754,20032,22546
22546,22949,20196,20364
20364,21334,20205,20430
20430,20739,17580,18945
18945,20790,17932,20541
20542,21044,19600,20556
20556,21693,20337,20704
20704,20870,19637,19970
19970,21225,19856,21091
21091,21532,20710,21218
21218,21575,20895,21469
21469,21878,20951,21029
21029,21520,20494,20715
20715,21189,20172,20254
20254,20407,19829,20096
20096,20143,18611,19991
19998,20915,18945,19250
19250,19421,18958,19223
19223,19638,18724,19292
19292,20332,19036,20212
20212,20726,19250,20160
20160,20651,19747,20544
20544,21843,20230,21617
21617,22495,21174,21575
21577,21960,21309,21581
21581,21591,20640,20844
20845,20848,19862,19945
19945,20036,19223,19308
19308,20324,18887,20221
20221,20879,19606,20574
20574,21191,20372,20827
20827,21579,20477,21190
21190,21665,20752,20794
20794,22770,20763,22438
22438,23803,21582,23396
23396,24286,22918,23225
23225,23432,22344,23152
23152,23757,22506,22681
22681,22999,21950,22450
22450,23014,22263,22585
22585,22667,21261,21312
21312,21343,20724,21258
21258,23121,21034,22966
22966,24203,22591,23850
23850,24452,23435,23784
23784,24678,23515,23650
23650,24198,23240,23310
23310,23509,22855,23272
23272,23459,22663,22989
22989,23645,22694,22824
22824,23227,22356,22622
22622,23470,22591,23318
23318,23364,22918,22958
22958,23405,22853,23178
23178,24249,23161,23816
23814,23932,22869,23157
23157,24234,22664,23960
23960,24930,23868,23944
23944,24465,23600,24416
24416,24900,24289,24447
24447,25048,24151,24312
24312,25215,23780,24101
24101,24251,23680,23858
23858,24444,23175,23337
23337,23593,23112,23194
23194,23207,20777,20831
20831,21361,20763,21141
21141,21785,21066,21516
21516,21533,20901,21396
21396,21686,20894,21521
21521,21902,21150,21361
21361,21815,21305,21561
21561,21874,20111,20237
20237,20378,19802,20036
20036,20155,19516,19555
19555,20417,19553,20291
20288,20573,19542,19809
19809,20494,19801,20049
20049,20202,19561,20132
20132,20434,19753,19951
19951,20053,19649,19829
19829,20024,19580,20006
20006,20057,19634,19793
19793,20180,18650,18789
18789,19464,18523,19292
19292,19456,19011,19318
19318,21612,19293,21367
21367,21815,21130,21654
21654,21862,21360,21833
21833,22512,21560,22403
22403,22912,19858,20171
20171,20531,19619,20228
20220,20333,19438,19698
19698,19887,19328,19805
19805,20181,19750,20113
20113,20115,19333,19418
19418,19687,18250,19535
19535,19636,18721,18876
18876,19873,18142,18457
18457,19537,18342,19401
19401,19493,18531,19288
19288,19310,18809,18922
18922,19188,18632,18809
18809,19318,18687,19228
19228,20387,18820,19077
19078,19769,18464,19414
19415,19655,18846,19593
19593,20179,19137,19418
19418,19480,19163,19312
19312,19395,18821,19057
19057,19733,18957,19631
19631,20450,19498,20348
20348,20371,19738,20162
20162,20453,19855,19967
19967,20065,19200,19531
19531,19626,19212,19420
19420,19556,19321,19444
19444,19526,19019,19129
19129,19265,18857,19057
19057,19250,18955,19155
19155,19511,18124,19378
19378,19954,19076,19178
19178,19224,18975,19068
19068,19422,19066,19262
19262,19677,19155,19547
19547,19707,19089,19328
19328,19359,19072,19125
19125,19348,18895,19044
19044,19250,18655,19164
19164,19256,19116,19205
19205,19697,19067,19573
19573,19603,19159,19331
19331,20423,19241,20087
20087,21034,20057,20776
20776,20876,20200,20295
20295,20755,20005,20599
20599,21099,20548,20818
20818,20936,20519,20631
20631,20842,20240,20491
20491,20689,20330,20480
20480,20803,20059,20151
20151,20392,20034,20209
20209,21300,20182,21151
21151,21479,21086,21302
21302,21365,20888,20908
20908,21067,20385,20595
20595,20689,16916,18531
18531,18571,15332,15611
15611,19310,15370,17528
17528,17652,15500,16924
16924,16938,16734,16801
